"","sim_job_id","sim_submit","sim_wclimit","sim_duration","sim_tasks","sim_tasks_per_node","sim_username","sim_submit_ts","sim_qosname","sim_partition","sim_account","sim_req_mem","sim_req_mem_per_cpu","sim_features","sim_gres","sim_shared","sim_cpus_per_task","sim_dependency","sim_cancelled_ts","freq"
"341",1001,2017-01-01 00:01:26,7,15,12,12,"user5",1483246886,"normal","normal","account2",NA,0,"","",1,1,"",0,0.8
"157",1002,2017-01-01 00:02:15,30,1201,1,1,"user1",1483246935,"normal","normal","account1",NA,0,"CPU-N","",1,1,"",0,0.6
"336",1003,2017-01-01 00:02:26,16,155,1,1,"user4",1483246946,"normal","normal","account2",500000,0,"","",1,1,"",0,0.333333333333333
"322",1004,2017-01-01 00:09:31,21,639,12,12,"user3",1483247371,"normal","normal","account1",NA,0,"","",1,1,"",0,0.8
"243",1005,2017-01-01 00:11:05,10,69,12,12,"user5",1483247465,"normal","normal","account2",500000,0,"","",1,1,"",0,0.333333333333333
"118",1006,2017-01-01 00:11:11,9,271,12,12,"user3",1483247471,"normal","normal","account1",NA,0,"","",1,1,"",0,0.8
"400",1007,2017-01-01 00:11:20,25,1500,24,12,"user4",1483247480,"normal","normal","account2",NA,0,"CPU-M","",1,1,"",0,0.2
"414",1008,2017-01-01 00:12:50,18,0,12,12,"user4",1483247570,"normal","normal","account2",NA,0,"CPU-M","",1,1,"",0,0.4
"245",1009,2017-01-01 00:14:29,5,66,96,12,"user1",1483247669,"normal","normal","account1",NA,0,"","",1,1,"",0,0.4
"93",1010,2017-01-01 00:14:34,17,0,12,12,"user5",1483247674,"normal","normal","account2",NA,0,"CPU-N","",1,1,"",0,0.4
"326",1011,2017-01-01 00:15:57,30,0,1,1,"user4",1483247757,"normal","normal","account2",NA,0,"","gpu:1",1,1,"",0,0.333333333333333
"478",1012,2017-01-01 00:17:33,24,1286,1,1,"user5",1483247853,"normal","normal","account2",NA,0,"","",1,1,"",0,0.8
"143",1013,2017-01-01 00:19:46,10,0,1,1,"user2",1483247986,"normal","normal","account1",500000,0,"","",1,1,"",0,0.333333333333333
"271",1014,2017-01-01 00:19:52,26,0,12,12,"user5",1483247992,"normal","normal","account2",NA,0,"CPU-N","",1,1,"",0,0.4
"23",1015,2017-01-01 00:21:20,15,548,6,6,"user2",1483248080,"normal","normal","account1",NA,0,"","",1,1,"",0,0.8
"54",1016,2017-01-01 00:21:33,24,773,2,2,"user1",1483248093,"normal","normal","account1",NA,0,"","gpu:2",1,1,"",0,0.333333333333333
"318",1017,2017-01-01 00:22:38,5,34,12,12,"user1",1483248158,"normal","normal","account1",NA,0,"CPU-N","",1,1,"",0,0.4
"58",1018,2017-01-01 00:22:44,19,22,12,12,"user3",1483248164,"normal","normal","account1",NA,0,"","",1,1,"",0,0.8
"457",1019,2017-01-01 00:23:12,30,1043,12,12,"user4",1483248192,"normal","normal","account2",NA,0,"","gpu:2",1,1,"",0,0.333333333333333
"348",1020,2017-01-01 00:23:21,9,422,1,1,"user1",1483248201,"normal","normal","account1",NA,0,"CPU-N","",1,1,"",0,0.6
"427",1021,2017-01-01 00:25:17,24,277,1,1,"user1",1483248317,"normal","normal","account1",NA,0,"","",1,1,"",0,0.8
"170",1022,2017-01-01 00:28:03,20,941,1,1,"user2",1483248483,"normal","normal","account1",NA,0,"CPU-M","",1,1,"",0,0.6
"482",1023,2017-01-01 00:29:30,28,240,24,12,"user2",1483248570,"normal","normal","account1",NA,0,"CPU-N","",1,1,"",0,0.2
"100",1024,2017-01-01 00:29:52,18,621,12,12,"user4",1483248592,"normal","normal","account2",500000,0,"","",1,1,"",0,0.333333333333333
"70",1025,2017-01-01 00:32:19,19,842,6,6,"user1",1483248739,"normal","normal","account1",NA,0,"","",1,1,"",0,0.8
"114",1026,2017-01-01 00:32:35,19,204,1,1,"user3",1483248755,"normal","normal","account1",NA,0,"CPU-M","",1,1,"",0,0.6
"215",1027,2017-01-01 00:33:28,17,6,36,12,"user4",1483248808,"normal","normal","account2",NA,0,"","",1,1,"",0,0.4
"402",1028,2017-01-01 00:34:46,25,0,12,12,"user2",1483248886,"normal","normal","account1",500000,0,"","",1,1,"",0,0.333333333333333
"182",1029,2017-01-01 00:35:13,22,1220,6,6,"user5",1483248913,"normal","normal","account2",NA,0,"","",1,1,"",0,0.8
"108",1030,2017-01-01 00:35:56,27,1055,12,12,"user3",1483248956,"normal","normal","account1",NA,0,"","",1,1,"",0,0.8
"152",1031,2017-01-01 00:36:17,10,571,6,6,"user3",1483248977,"normal","normal","account1",NA,0,"","",1,1,"",0,0.8
"494",1032,2017-01-01 00:37:10,24,1440,6,6,"user4",1483249030,"normal","normal","account2",NA,0,"","",1,1,"",0,0.8
"47",1033,2017-01-01 00:37:42,14,218,1,1,"user5",1483249062,"normal","normal","account2",NA,0,"CPU-N","",1,1,"",0,0.6
"194",1034,2017-01-01 00:40:43,20,0,48,12,"user4",1483249243,"normal","normal","account2",NA,0,"","",1,1,"",0,0.4
"104",1035,2017-01-01 00:43:26,9,120,24,12,"user2",1483249406,"normal","normal","account1",NA,0,"","",1,1,"",0,0.4
"264",1036,2017-01-01 00:43:46,21,542,12,12,"user1",1483249426,"normal","normal","account1",NA,0,"CPU-M","",1,1,"",0,0.4
"430",1037,2017-01-01 00:43:57,8,301,36,12,"user3",1483249437,"normal","normal","account1",NA,0,"CPU-M","",1,1,"",0,0.2
"421",1038,2017-01-01 00:44:21,7,230,12,12,"user1",1483249461,"normal","normal","account1",NA,0,"","gpu:2",1,1,"",0,0.333333333333333
"277",1039,2017-01-01 00:44:22,16,598,96,12,"user3",1483249462,"normal","normal","account1",NA,0,"","",1,1,"",0,0.4
"384",1040,2017-01-01 00:48:15,6,322,24,12,"user1",1483249695,"normal","normal","account1",NA,0,"","",1,1,"",0,0.4
"212",1041,2017-01-01 00:48:47,8,345,1,1,"user1",1483249727,"normal","normal","account1",NA,0,"","gpu:1",1,1,"",0,0.333333333333333
"251",1042,2017-01-01 00:49:07,20,375,12,12,"user3",1483249747,"normal","normal","account1",NA,0,"","",1,1,"",0,0.8
"424",1043,2017-01-01 00:49:09,12,60,1,1,"user4",1483249749,"normal","normal","account2",NA,0,"","",1,1,"",0,0.8
"55",1044,2017-01-01 00:52:16,26,228,12,12,"user5",1483249936,"normal","normal","account2",NA,0,"CPU-N","",1,1,"",0,0.4
"191",1045,2017-01-01 00:53:11,27,1249,2,2,"user2",1483249991,"normal","normal","account1",NA,0,"","gpu:2",1,1,"",0,0.333333333333333
"423",1046,2017-01-01 00:53:17,21,1260,6,6,"user1",1483249997,"normal","normal","account1",NA,0,"","",1,1,"",0,0.8
"76",1047,2017-01-01 00:53:44,23,481,12,12,"user5",1483250024,"normal","normal","account2",500000,0,"","",1,1,"",0,0.333333333333333
"189",1048,2017-01-01 00:53:52,5,217,96,12,"user4",1483250032,"normal","normal","account2",NA,0,"","",1,1,"",0,0.4
"192",1049,2017-01-01 00:54:01,5,0,12,12,"user4",1483250041,"normal","normal","account2",NA,0,"","gpu:2",1,1,"",0,0.333333333333333
"199",1050,2017-01-01 00:55:12,9,200,1,1,"user1",1483250112,"normal","normal","account1",500000,0,"","",1,1,"",0,0.333333333333333
"474",1051,2017-01-01 00:55:18,17,499,1,1,"user3",1483250118,"normal","normal","account1",NA,0,"","",1,1,"",0,0.8
"392",1052,2017-01-01 00:57:41,12,598,12,12,"user2",1483250261,"normal","normal","account1",500000,0,"","",1,1,"",0,0.333333333333333
"250",1053,2017-01-01 00:58:00,19,643,12,12,"user5",1483250280,"normal","normal","account2",500000,0,"","",1,1,"",0,0.333333333333333
"466",1054,2017-01-01 00:58:55,5,0,36,12,"user3",1483250335,"normal","normal","account1",NA,0,"","",1,1,"",0,0.4
"295",1055,2017-01-01 00:59:14,19,830,12,12,"user3",1483250354,"normal","normal","account1",NA,0,"","",1,1,"",0,0.8
"257",1056,2017-01-01 01:00:04,20,47,1,1,"user2",1483250404,"normal","normal","account1",NA,0,"CPU-N","",1,1,"",0,0.6
"393",1057,2017-01-01 01:00:37,21,1192,6,6,"user4",1483250437,"normal","normal","account2",NA,0,"CPU-N","",1,1,"",0,0.4
"418",1058,2017-01-01 01:00:59,8,407,6,6,"user4",1483250459,"normal","normal","account2",500000,0,"","",1,1,"",0,0.333333333333333
"136",1059,2017-01-01 01:01:18,5,160,6,6,"user1",1483250478,"normal","normal","account1",NA,0,"CPU-M","",1,1,"",0,0.4
"222",1060,2017-01-01 01:01:40,5,296,6,6,"user3",1483250500,"normal","normal","account1",NA,0,"CPU-M","",1,1,"",0,0.4
"86",1061,2017-01-01 01:02:51,28,1680,36,12,"user2",1483250571,"normal","normal","account1",NA,0,"","",1,1,"",0,0.4
"229",1062,2017-01-01 01:03:20,9,237,1,1,"user2",1483250600,"normal","normal","account1",NA,0,"","",1,1,"",0,0.8
"325",1063,2017-01-01 01:03:53,21,263,1,1,"user1",1483250633,"normal","normal","account1",NA,0,"","gpu:1",1,1,"",0,0.333333333333333
"366",1064,2017-01-01 01:04:02,28,149,6,6,"user1",1483250642,"normal","normal","account1",NA,0,"CPU-M","",1,1,"",0,0.4
"59",1065,2017-01-01 01:04:53,5,65,6,6,"user5",1483250693,"normal","normal","account2",NA,0,"CPU-N","",1,1,"",0,0.4
"116",1066,2017-01-01 01:05:03,20,628,48,12,"user4",1483250703,"normal","normal","account2",NA,0,"CPU-N","",1,1,"",0,0.2
"490",1067,2017-01-01 01:06:29,26,265,6,6,"user5",1483250789,"normal","normal","account2",500000,0,"","",1,1,"",0,0.333333333333333
"298",1068,2017-01-01 01:07:12,16,289,1,1,"user5",1483250832,"normal","normal","account2",NA,0,"CPU-N","",1,1,"",0,0.6
"350",1069,2017-01-01 01:07:21,12,0,1,1,"user3",1483250841,"normal","normal","account1",NA,0,"","",1,1,"",0,0.8
"378",1070,2017-01-01 01:08:34,11,236,12,12,"user4",1483250914,"normal","normal","account2",NA,0,"","",1,1,"",0,0.8
"410",1071,2017-01-01 01:08:49,29,0,1,1,"user1",1483250929,"normal","normal","account1",NA,0,"CPU-M","",1,1,"",0,0.6
"365",1072,2017-01-01 01:10:22,10,251,36,12,"user1",1483251022,"normal","normal","account1",NA,0,"","",1,1,"",0,0.4
"422",1073,2017-01-01 01:10:44,6,177,1,1,"user1",1483251044,"normal","normal","account1",NA,0,"","gpu:1",1,1,"",0,0.333333333333333
"431",1074,2017-01-01 01:11:05,20,923,6,6,"user2",1483251065,"normal","normal","account1",NA,0,"CPU-M","",1,1,"",0,0.4
"403",1075,2017-01-01 01:11:10,30,454,12,12,"user2",1483251070,"normal","normal","account1",500000,0,"","",1,1,"",0,0.333333333333333
"495",1076,2017-01-01 01:11:54,10,0,12,12,"user5",1483251114,"normal","normal","account2",NA,0,"CPU-M","",1,1,"",0,0.4
"174",1077,2017-01-01 01:12:09,25,0,6,6,"user1",1483251129,"normal","normal","account1",NA,0,"CPU-N","",1,1,"",0,0.4
"389",1078,2017-01-01 01:12:16,9,35,6,6,"user3",1483251136,"normal","normal","account1",NA,0,"CPU-M","",1,1,"",0,0.4
"437",1079,2017-01-01 01:13:23,5,0,12,12,"user2",1483251203,"normal","normal","account1",NA,0,"CPU-M","",1,1,"",0,0.4
"471",1080,2017-01-01 01:14:18,14,634,48,12,"user4",1483251258,"normal","normal","account2",NA,0,"","",1,1,"",0,0.4
"383",1081,2017-01-01 01:15:20,20,568,1,1,"user4",1483251320,"normal","normal","account2",NA,0,"","gpu:1",1,1,"",0,0.333333333333333
"71",1082,2017-01-01 01:15:57,20,1177,12,12,"user5",1483251357,"normal","normal","account2",NA,0,"","",1,1,"",0,0.8
"16",1083,2017-01-01 01:17:25,27,588,36,12,"user4",1483251445,"normal","normal","account2",NA,0,"CPU-N","",1,1,"",0,0.2
"330",1084,2017-01-01 01:17:39,17,807,6,6,"user5",1483251459,"normal","normal","account2",NA,0,"CPU-M","",1,1,"",0,0.4
"184",1085,2017-01-01 01:18:11,5,0,12,12,"user5",1483251491,"normal","normal","account2",NA,0,"","gpu:2",1,1,"",0,0.333333333333333
"370",1086,2017-01-01 01:18:29,6,0,36,12,"user4",1483251509,"normal","normal","account2",NA,0,"CPU-N","",1,1,"",0,0.2
"339",1087,2017-01-01 01:18:40,22,0,1,1,"user1",1483251520,"normal","normal","account1",NA,0,"CPU-M","",1,1,"",0,0.6
"172",1088,2017-01-01 01:19:15,14,840,36,12,"user2",1483251555,"normal","normal","account1",NA,0,"","",1,1,"",0,0.4
"477",1089,2017-01-01 01:19:19,5,80,2,2,"user4",1483251559,"normal","normal","account2",NA,0,"","gpu:2",1,1,"",0,0.333333333333333
"105",1090,2017-01-01 01:20:57,11,311,1,1,"user4",1483251657,"normal","normal","account2",NA,0,"CPU-M","",1,1,"",0,0.6
"91",1091,2017-01-01 01:23:09,27,1253,48,12,"user3",1483251789,"normal","normal","account1",NA,0,"CPU-M","",1,1,"",0,0.2
"296",1092,2017-01-01 01:23:17,30,265,24,12,"user4",1483251797,"normal","normal","account2",NA,0,"","",1,1,"",0,0.4
"436",1093,2017-01-01 01:24:04,28,445,1,1,"user3",1483251844,"normal","normal","account1",NA,0,"CPU-N","",1,1,"",0,0.6
"106",1094,2017-01-01 01:24:11,29,1740,1,1,"user5",1483251851,"normal","normal","account2",NA,0,"","",1,1,"",0,0.8
"98",1095,2017-01-01 01:25:38,8,227,1,1,"user3",1483251938,"normal","normal","account1",NA,0,"CPU-N","",1,1,"",0,0.6
"356",1096,2017-01-01 01:27:19,11,660,6,6,"user5",1483252039,"normal","normal","account2",NA,0,"CPU-N","",1,1,"",0,0.4
"38",1097,2017-01-01 01:27:30,14,840,12,12,"user1",1483252050,"normal","normal","account1",NA,0,"","",1,1,"",0,0.8
"124",1098,2017-01-01 01:28:00,22,1097,12,12,"user3",1483252080,"normal","normal","account1",500000,0,"","",1,1,"",0,0.333333333333333
"291",1099,2017-01-01 01:28:14,13,0,6,6,"user1",1483252094,"normal","normal","account1",NA,0,"CPU-M","",1,1,"",0,0.4
"360",1100,2017-01-01 01:29:14,7,0,1,1,"user2",1483252154,"normal","normal","account1",500000,0,"","",1,1,"",0,0.333333333333333
"333",1101,2017-01-01 01:29:52,5,216,96,12,"user3",1483252192,"normal","normal","account1",NA,0,"","",1,1,"",0,0.4
"340",1102,2017-01-01 01:29:54,28,1089,1,1,"user5",1483252194,"normal","normal","account2",NA,0,"CPU-N","",1,1,"",0,0.6
"5",1103,2017-01-01 01:30:36,29,1063,12,12,"user3",1483252236,"normal","normal","account1",NA,0,"CPU-M","",1,1,"",0,0.4
"210",1104,2017-01-01 01:30:56,22,1166,24,12,"user3",1483252256,"normal","normal","account1",NA,0,"CPU-N","",1,1,"",0,0.2
"352",1105,2017-01-01 01:32:54,27,1297,1,1,"user1",1483252374,"normal","normal","account1",NA,0,"","gpu:1",1,1,"",0,0.333333333333333
"290",1106,2017-01-01 01:33:19,14,0,1,1,"user1",1483252399,"normal","normal","account1",NA,0,"","gpu:1",1,1,"",0,0.333333333333333
"151",1107,2017-01-01 01:34:02,12,720,1,1,"user2",1483252442,"normal","normal","account1",500000,0,"","",1,1,"",0,0.333333333333333
"48",1108,2017-01-01 01:34:55,30,760,6,6,"user5",1483252495,"normal","normal","account2",NA,0,"CPU-N","",1,1,"",0,0.4
"123",1109,2017-01-01 01:36:51,29,0,6,6,"user2",1483252611,"normal","normal","account1",NA,0,"CPU-N","",1,1,"",0,0.4
"270",1110,2017-01-01 01:36:52,18,833,1,1,"user2",1483252612,"normal","normal","account1",NA,0,"CPU-M","",1,1,"",0,0.6
"358",1111,2017-01-01 01:37:38,13,0,1,1,"user2",1483252658,"normal","normal","account1",NA,0,"","",1,1,"",0,0.8
"235",1112,2017-01-01 01:38:15,27,1595,2,2,"user2",1483252695,"normal","normal","account1",NA,0,"","gpu:2",1,1,"",0,0.333333333333333
"1",1113,2017-01-01 01:39:50,18,403,1,1,"user5",1483252790,"normal","normal","account2",NA,0,"CPU-N","",1,1,"",0,0.6
"22",1114,2017-01-01 01:40:21,11,354,6,6,"user2",1483252821,"normal","normal","account1",NA,0,"CPU-N","",1,1,"",0,0.4
"497",1115,2017-01-01 01:41:26,9,0,6,6,"user2",1483252886,"normal","normal","account1",NA,0,"CPU-N","",1,1,"",0,0.4
"197",1116,2017-01-01 01:42:26,21,782,12,12,"user5",1483252946,"normal","normal","account2",NA,0,"","",1,1,"",0,0.8
"11",1117,2017-01-01 01:44:05,30,1796,12,12,"user4",1483253045,"normal","normal","account2",NA,0,"","",1,1,"",0,0.8
"146",1118,2017-01-01 01:44:37,16,762,36,12,"user2",1483253077,"normal","normal","account1",NA,0,"CPU-M","",1,1,"",0,0.2
"165",1119,2017-01-01 01:44:46,22,983,12,12,"user2",1483253086,"normal","normal","account1",NA,0,"CPU-M","",1,1,"",0,0.4
"346",1120,2017-01-01 01:48:56,28,777,12,12,"user5",1483253336,"normal","normal","account2",NA,0,"CPU-N","",1,1,"",0,0.4
"44",1121,2017-01-01 01:50:24,30,1740,12,12,"user3",1483253424,"normal","normal","account1",NA,0,"","gpu:2",1,1,"",0,0.333333333333333
"63",1122,2017-01-01 01:50:54,17,382,6,6,"user4",1483253454,"normal","normal","account2",NA,0,"","",1,1,"",0,0.8
"162",1123,2017-01-01 01:53:43,7,420,1,1,"user5",1483253623,"normal","normal","account2",NA,0,"CPU-N","",1,1,"",0,0.6
"163",1124,2017-01-01 01:53:50,5,0,1,1,"user2",1483253630,"normal","normal","account1",NA,0,"","",1,1,"",0,0.8
"367",1125,2017-01-01 01:55:23,30,0,6,6,"user5",1483253723,"normal","normal","account2",NA,0,"","",1,1,"",0,0.8
"186",1126,2017-01-01 01:55:54,5,42,24,12,"user4",1483253754,"normal","normal","account2",NA,0,"CPU-M","",1,1,"",0,0.2
"267",1127,2017-01-01 01:56:13,23,146,1,1,"user5",1483253773,"normal","normal","account2",NA,0,"CPU-M","",1,1,"",0,0.6
"377",1128,2017-01-01 01:56:31,5,0,6,6,"user2",1483253791,"normal","normal","account1",NA,0,"CPU-M","",1,1,"",0,0.4
"156",1129,2017-01-01 01:57:03,28,815,48,12,"user1",1483253823,"normal","normal","account1",NA,0,"","",1,1,"",0,0.4
"464",1130,2017-01-01 01:57:57,12,34,1,1,"user1",1483253877,"normal","normal","account1",500000,0,"","",1,1,"",0,0.333333333333333
"248",1131,2017-01-01 01:58:39,22,720,24,12,"user4",1483253919,"normal","normal","account2",NA,0,"CPU-M","",1,1,"",0,0.2
"293",1132,2017-01-01 01:58:48,5,0,1,1,"user5",1483253928,"normal","normal","account2",NA,0,"","",1,1,"",0,0.8
"78",1133,2017-01-01 02:01:03,8,315,12,12,"user3",1483254063,"normal","normal","account1",NA,0,"","",1,1,"",0,0.8
"34",1134,2017-01-01 02:01:08,12,282,6,6,"user4",1483254068,"normal","normal","account2",NA,0,"","",1,1,"",0,0.8
"129",1135,2017-01-01 02:01:36,30,55,6,6,"user3",1483254096,"normal","normal","account1",NA,0,"","",1,1,"",0,0.8
"228",1136,2017-01-01 02:02:11,26,1155,12,12,"user1",1483254131,"normal","normal","account1",500000,0,"","",1,1,"",0,0.333333333333333
"263",1137,2017-01-01 02:02:23,29,1256,12,12,"user1",1483254143,"normal","normal","account1",NA,0,"CPU-M","",1,1,"",0,0.4
"485",1138,2017-01-01 02:03:02,5,0,12,12,"user4",1483254182,"normal","normal","account2",NA,0,"","",1,1,"",0,0.8
"130",1139,2017-01-01 02:04:03,10,600,12,12,"user1",1483254243,"normal","normal","account1",500000,0,"","",1,1,"",0,0.333333333333333
"214",1140,2017-01-01 02:04:18,20,951,12,12,"user5",1483254258,"normal","normal","account2",NA,0,"","gpu:2",1,1,"",0,0.333333333333333
"99",1141,2017-01-01 02:06:23,29,1740,12,12,"user2",1483254383,"normal","normal","account1",NA,0,"","",1,1,"",0,0.8
"149",1142,2017-01-01 02:06:32,17,0,6,6,"user2",1483254392,"normal","normal","account1",NA,0,"CPU-N","",1,1,"",0,0.4
"285",1143,2017-01-01 02:08:06,7,259,1,1,"user2",1483254486,"normal","normal","account1",NA,0,"CPU-N","",1,1,"",0,0.6
"73",1144,2017-01-01 02:08:56,11,603,1,1,"user3",1483254536,"normal","normal","account1",500000,0,"","",1,1,"",0,0.333333333333333
"140",1145,2017-01-01 02:09:48,18,743,12,12,"user3",1483254588,"normal","normal","account1",NA,0,"","",1,1,"",0,0.8
"314",1146,2017-01-01 02:10:26,21,0,96,12,"user3",1483254626,"normal","normal","account1",NA,0,"","",1,1,"",0,0.4
"409",1147,2017-01-01 02:10:38,24,1440,12,12,"user2",1483254638,"normal","normal","account1",NA,0,"","",1,1,"",0,0.8
"406",1148,2017-01-01 02:10:39,5,150,24,12,"user1",1483254639,"normal","normal","account1",NA,0,"","",1,1,"",0,0.4
"128",1149,2017-01-01 02:11:38,12,720,1,1,"user3",1483254698,"normal","normal","account1",NA,0,"CPU-N","",1,1,"",0,0.6
"132",1150,2017-01-01 02:13:50,14,197,12,12,"user2",1483254830,"normal","normal","account1",NA,0,"","gpu:2",1,1,"",0,0.333333333333333
"80",1151,2017-01-01 02:15:00,6,143,1,1,"user5",1483254900,"normal","normal","account2",NA,0,"CPU-M","",1,1,"",0,0.6
"328",1152,2017-01-01 02:15:10,14,504,1,1,"user1",1483254910,"normal","normal","account1",NA,0,"CPU-N","",1,1,"",0,0.6
"324",1153,2017-01-01 02:16:42,22,1255,24,12,"user4",1483255002,"normal","normal","account2",NA,0,"","",1,1,"",0,0.4
"272",1154,2017-01-01 02:16:47,19,106,12,12,"user3",1483255007,"normal","normal","account1",500000,0,"","",1,1,"",0,0.333333333333333
"207",1155,2017-01-01 02:16:54,19,796,12,12,"user1",1483255014,"normal","normal","account1",NA,0,"CPU-M","",1,1,"",0,0.4
"144",1156,2017-01-01 02:17:09,5,222,96,12,"user1",1483255029,"normal","normal","account1",NA,0,"","",1,1,"",0,0.4
"297",1157,2017-01-01 02:17:09,27,1620,2,2,"user5",1483255029,"normal","normal","account2",NA,0,"","gpu:2",1,1,"",0,0.333333333333333
"343",1158,2017-01-01 02:17:52,7,380,96,12,"user1",1483255072,"normal","normal","account1",NA,0,"","",1,1,"",0,0.4
"498",1159,2017-01-01 02:18:45,6,113,12,12,"user3",1483255125,"normal","normal","account1",NA,0,"","",1,1,"",0,0.8
"470",1160,2017-01-01 02:19:32,30,1695,1,1,"user3",1483255172,"normal","normal","account1",NA,0,"","gpu:1",1,1,"",0,0.333333333333333
"234",1161,2017-01-01 02:20:58,30,1539,1,1,"user3",1483255258,"normal","normal","account1",NA,0,"","",1,1,"",0,0.8
"72",1162,2017-01-01 02:21:06,29,174,96,12,"user5",1483255266,"normal","normal","account2",NA,0,"","",1,1,"",0,0.4
"259",1163,2017-01-01 02:22:01,21,0,2,2,"user1",1483255321,"normal","normal","account1",NA,0,"","gpu:2",1,1,"",0,0.333333333333333
"281",1164,2017-01-01 02:22:23,7,159,6,6,"user4",1483255343,"normal","normal","account2",NA,0,"CPU-M","",1,1,"",0,0.4
"256",1165,2017-01-01 02:23:56,30,1357,12,12,"user2",1483255436,"normal","normal","account1",NA,0,"","",1,1,"",0,0.8
"42",1166,2017-01-01 02:24:23,17,44,12,12,"user1",1483255463,"normal","normal","account1",NA,0,"","",1,1,"",0,0.8
"289",1167,2017-01-01 02:24:31,28,1680,1,1,"user1",1483255471,"normal","normal","account1",NA,0,"","",1,1,"",0,0.8
"32",1168,2017-01-01 02:24:35,20,639,24,12,"user3",1483255475,"normal","normal","account1",NA,0,"CPU-M","",1,1,"",0,0.2
"74",1169,2017-01-01 02:24:37,27,1620,12,12,"user2",1483255477,"normal","normal","account1",NA,0,"","",1,1,"",0,0.8
"274",1170,2017-01-01 02:25:35,15,267,24,12,"user1",1483255535,"normal","normal","account1",NA,0,"CPU-N","",1,1,"",0,0.2
"227",1171,2017-01-01 02:26:31,5,61,6,6,"user5",1483255591,"normal","normal","account2",NA,0,"","",1,1,"",0,0.8
"468",1172,2017-01-01 02:27:57,16,0,1,1,"user3",1483255677,"normal","normal","account1",NA,0,"CPU-N","",1,1,"",0,0.6
"175",1173,2017-01-01 02:29:18,18,0,24,12,"user4",1483255758,"normal","normal","account2",NA,0,"CPU-N","",1,1,"",0,0.2
"461",1174,2017-01-01 02:31:09,5,280,1,1,"user1",1483255869,"normal","normal","account1",NA,0,"CPU-M","",1,1,"",0,0.6
"64",1175,2017-01-01 02:31:26,27,1620,24,12,"user1",1483255886,"normal","normal","account1",NA,0,"","",1,1,"",0,0.4
"319",1176,2017-01-01 02:31:31,5,83,12,12,"user3",1483255891,"normal","normal","account1",NA,0,"","",1,1,"",0,0.8
"347",1177,2017-01-01 02:32:06,26,390,6,6,"user5",1483255926,"normal","normal","account2",NA,0,"CPU-M","",1,1,"",0,0.4
"334",1178,2017-01-01 02:34:02,30,1600,1,1,"user2",1483256042,"normal","normal","account1",NA,0,"","gpu:1",1,1,"",0,0.333333333333333
"177",1179,2017-01-01 02:35:30,20,749,12,12,"user5",1483256130,"normal","normal","account2",NA,0,"","",1,1,"",0,0.8
"316",1180,2017-01-01 02:36:56,5,174,12,12,"user5",1483256216,"normal","normal","account2",NA,0,"CPU-N","",1,1,"",0,0.4
"288",1181,2017-01-01 02:37:27,24,1113,6,6,"user4",1483256247,"normal","normal","account2",NA,0,"","",1,1,"",0,0.8
"399",1182,2017-01-01 02:37:54,20,866,24,12,"user4",1483256274,"normal","normal","account2",NA,0,"","",1,1,"",0,0.4
"479",1183,2017-01-01 02:37:56,29,1740,36,12,"user2",1483256276,"normal","normal","account1",NA,0,"","",1,1,"",0,0.4
"131",1184,2017-01-01 02:39:46,19,1140,1,1,"user5",1483256386,"normal","normal","account2",NA,0,"","",1,1,"",0,0.8
"97",1185,2017-01-01 02:41:11,13,0,12,12,"user2",1483256471,"normal","normal","account1",NA,0,"CPU-M","",1,1,"",0,0.4
"37",1186,2017-01-01 02:41:31,22,1320,12,12,"user1",1483256491,"normal","normal","account1",NA,0,"CPU-N","",1,1,"",0,0.4
"266",1187,2017-01-01 02:42:52,5,286,24,12,"user3",1483256572,"normal","normal","account1",NA,0,"CPU-M","",1,1,"",0,0.2
"451",1188,2017-01-01 02:42:58,13,507,24,12,"user1",1483256578,"normal","normal","account1",NA,0,"CPU-N","",1,1,"",0,0.2
"247",1189,2017-01-01 02:43:07,17,94,6,6,"user1",1483256587,"normal","normal","account1",NA,0,"CPU-M","",1,1,"",0,0.4
"463",1190,2017-01-01 02:43:07,8,480,24,12,"user4",1483256587,"normal","normal","account2",NA,0,"","",1,1,"",0,0.4
"349",1191,2017-01-01 02:44:57,10,147,36,12,"user4",1483256697,"normal","normal","account2",NA,0,"","",1,1,"",0,0.4
"472",1192,2017-01-01 02:46:10,24,1122,12,12,"user2",1483256770,"normal","normal","account1",NA,0,"CPU-M","",1,1,"",0,0.4
"242",1193,2017-01-01 02:46:36,24,666,12,12,"user4",1483256796,"normal","normal","account2",NA,0,"","",1,1,"",0,0.8
"320",1194,2017-01-01 02:47:50,19,386,24,12,"user3",1483256870,"normal","normal","account1",NA,0,"","",1,1,"",0,0.4
"385",1195,2017-01-01 02:47:58,13,259,12,12,"user5",1483256878,"normal","normal","account2",NA,0,"CPU-N","",1,1,"",0,0.4
"412",1196,2017-01-01 02:49:14,12,252,1,1,"user4",1483256954,"normal","normal","account2",NA,0,"","",1,1,"",0,0.8
"208",1197,2017-01-01 02:49:35,6,238,1,1,"user4",1483256975,"normal","normal","account2",NA,0,"","gpu:1",1,1,"",0,0.333333333333333
"29",1198,2017-01-01 02:50:07,29,1740,48,12,"user3",1483257007,"normal","normal","account1",NA,0,"CPU-N","",1,1,"",0,0.2
"397",1199,2017-01-01 02:50:18,30,402,48,12,"user3",1483257018,"normal","normal","account1",NA,0,"CPU-M","",1,1,"",0,0.2
"342",1200,2017-01-01 02:51:47,13,300,1,1,"user2",1483257107,"normal","normal","account1",NA,0,"CPU-N","",1,1,"",0,0.6
"230",1201,2017-01-01 02:52:44,5,300,12,12,"user2",1483257164,"normal","normal","account1",NA,0,"CPU-N","",1,1,"",0,0.4
"353",1202,2017-01-01 02:53:07,25,490,12,12,"user3",1483257187,"normal","normal","account1",NA,0,"CPU-M","",1,1,"",0,0.4
"396",1203,2017-01-01 02:54:09,21,2,12,12,"user3",1483257249,"normal","normal","account1",NA,0,"","gpu:2",1,1,"",0,0.333333333333333
"369",1204,2017-01-01 02:54:44,19,0,1,1,"user4",1483257284,"normal","normal","account2",NA,0,"CPU-N","",1,1,"",0,0.6
"19",1205,2017-01-01 02:54:51,18,1080,12,12,"user3",1483257291,"normal","normal","account1",500000,0,"","",1,1,"",0,0.333333333333333
"405",1206,2017-01-01 02:55:03,30,1773,1,1,"user3",1483257303,"normal","normal","account1",NA,0,"","",1,1,"",0,0.8
"241",1207,2017-01-01 02:55:32,25,0,1,1,"user2",1483257332,"normal","normal","account1",NA,0,"","",1,1,"",0,0.8
"483",1208,2017-01-01 02:55:45,5,188,6,6,"user2",1483257345,"normal","normal","account1",NA,0,"CPU-N","",1,1,"",0,0.4
"3",1209,2017-01-01 02:56:19,7,415,24,12,"user1",1483257379,"normal","normal","account1",NA,0,"","",1,1,"",0,0.4
"133",1210,2017-01-01 02:56:21,21,534,12,12,"user4",1483257381,"normal","normal","account2",NA,0,"CPU-N","",1,1,"",0,0.4
"103",1211,2017-01-01 02:57:02,7,57,24,12,"user3",1483257422,"normal","normal","account1",NA,0,"","",1,1,"",0,0.4
"61",1212,2017-01-01 02:57:35,25,147,1,1,"user5",1483257455,"normal","normal","account2",NA,0,"CPU-M","",1,1,"",0,0.6
"355",1213,2017-01-01 03:01:12,20,595,48,12,"user1",1483257672,"normal","normal","account1",NA,0,"","",1,1,"",0,0.4
"388",1214,2017-01-01 03:01:14,18,0,12,12,"user1",1483257674,"normal","normal","account1",NA,0,"CPU-M","",1,1,"",0,0.4
"323",1215,2017-01-01 03:01:54,16,706,36,12,"user3",1483257714,"normal","normal","account1",NA,0,"CPU-N","",1,1,"",0,0.2
"200",1216,2017-01-01 03:02:33,26,700,1,1,"user3",1483257753,"normal","normal","account1",NA,0,"CPU-M","",1,1,"",0,0.6
"313",1217,2017-01-01 03:03:02,23,1380,12,12,"user1",1483257782,"normal","normal","account1",500000,0,"","",1,1,"",0,0.333333333333333
"166",1218,2017-01-01 03:04:43,30,1499,36,12,"user5",1483257883,"normal","normal","account2",NA,0,"CPU-N","",1,1,"",0,0.2
"249",1219,2017-01-01 03:06:40,16,0,12,12,"user2",1483258000,"normal","normal","account1",500000,0,"","",1,1,"",0,0.333333333333333
"155",1220,2017-01-01 03:07:18,20,349,12,12,"user1",1483258038,"normal","normal","account1",NA,0,"","gpu:2",1,1,"",0,0.333333333333333
"294",1221,2017-01-01 03:11:37,12,269,1,1,"user1",1483258297,"normal","normal","account1",NA,0,"","",1,1,"",0,0.8
"33",1222,2017-01-01 03:11:49,6,286,12,12,"user1",1483258309,"normal","normal","account1",NA,0,"CPU-M","",1,1,"",0,0.4
"484",1223,2017-01-01 03:12:22,21,1260,1,1,"user1",1483258342,"normal","normal","account1",NA,0,"CPU-M","",1,1,"",0,0.6
"24",1224,2017-01-01 03:12:42,6,303,12,12,"user1",1483258362,"normal","normal","account1",NA,0,"","",1,1,"",0,0.8
"84",1225,2017-01-01 03:12:50,5,0,96,12,"user1",1483258370,"normal","normal","account1",NA,0,"","",1,1,"",0,0.4
"299",1226,2017-01-01 03:13:24,13,201,24,12,"user2",1483258404,"normal","normal","account1",NA,0,"CPU-M","",1,1,"",0,0.2
"413",1227,2017-01-01 03:14:00,21,242,24,12,"user2",1483258440,"normal","normal","account1",NA,0,"CPU-N","",1,1,"",0,0.2
"88",1228,2017-01-01 03:14:46,6,180,6,6,"user4",1483258486,"normal","normal","account2",NA,0,"","",1,1,"",0,0.8
"178",1229,2017-01-01 03:15:04,24,833,96,12,"user3",1483258504,"normal","normal","account1",NA,0,"","",1,1,"",0,0.4
"354",1230,2017-01-01 03:15:59,23,1127,12,12,"user3",1483258559,"normal","normal","account1",NA,0,"CPU-M","",1,1,"",0,0.4
"386",1231,2017-01-01 03:16:25,26,1560,1,1,"user2",1483258585,"normal","normal","account1",NA,0,"CPU-N","",1,1,"",0,0.6
"10",1232,2017-01-01 03:16:26,14,160,24,12,"user3",1483258586,"normal","normal","account1",NA,0,"","",1,1,"",0,0.4
"167",1233,2017-01-01 03:16:26,5,178,12,12,"user1",1483258586,"normal","normal","account1",500000,0,"","",1,1,"",0,0.333333333333333
"246",1234,2017-01-01 03:16:52,12,360,12,12,"user2",1483258612,"normal","normal","account1",NA,0,"","",1,1,"",0,0.8
"153",1235,2017-01-01 03:18:56,28,1002,24,12,"user3",1483258736,"normal","normal","account1",NA,0,"","",1,1,"",0,0.4
"138",1236,2017-01-01 03:20:34,29,1579,1,1,"user1",1483258834,"normal","normal","account1",NA,0,"","",1,1,"",0,0.8
"415",1237,2017-01-01 03:21:15,27,0,24,12,"user2",1483258875,"normal","normal","account1",NA,0,"CPU-M","",1,1,"",0,0.2
"81",1238,2017-01-01 03:22:25,18,35,6,6,"user3",1483258945,"normal","normal","account1",NA,0,"CPU-N","",1,1,"",0,0.4
"225",1239,2017-01-01 03:22:38,9,137,6,6,"user5",1483258958,"normal","normal","account2",NA,0,"","",1,1,"",0,0.8
"300",1240,2017-01-01 03:23:48,7,332,6,6,"user3",1483259028,"normal","normal","account1",NA,0,"","",1,1,"",0,0.8
"185",1241,2017-01-01 03:24:11,22,506,1,1,"user4",1483259051,"normal","normal","account2",NA,0,"","",1,1,"",0,0.8
"321",1242,2017-01-01 03:26:43,26,1560,1,1,"user4",1483259203,"normal","normal","account2",NA,0,"CPU-N","",1,1,"",0,0.6
"434",1243,2017-01-01 03:27:42,21,1260,12,12,"user5",1483259262,"normal","normal","account2",NA,0,"CPU-M","",1,1,"",0,0.4
"27",1244,2017-01-01 03:28:06,10,271,12,12,"user1",1483259286,"normal","normal","account1",NA,0,"","",1,1,"",0,0.8
"469",1245,2017-01-01 03:28:14,5,179,2,2,"user5",1483259294,"normal","normal","account2",NA,0,"","gpu:2",1,1,"",0,0.333333333333333
"258",1246,2017-01-01 03:29:14,9,0,1,1,"user4",1483259354,"normal","normal","account2",NA,0,"","gpu:1",1,1,"",0,0.333333333333333
"438",1247,2017-01-01 03:30:26,26,902,24,12,"user4",1483259426,"normal","normal","account2",NA,0,"","",1,1,"",0,0.4
"213",1248,2017-01-01 03:31:32,18,1080,6,6,"user3",1483259492,"normal","normal","account1",NA,0,"","",1,1,"",0,0.8
"286",1249,2017-01-01 03:31:38,12,384,6,6,"user3",1483259498,"normal","normal","account1",NA,0,"CPU-N","",1,1,"",0,0.4
"493",1250,2017-01-01 03:32:16,11,244,12,12,"user2",1483259536,"normal","normal","account1",NA,0,"","",1,1,"",0,0.8
"238",1251,2017-01-01 03:33:56,19,401,6,6,"user3",1483259636,"normal","normal","account1",NA,0,"","",1,1,"",0,0.8
"111",1252,2017-01-01 03:34:29,28,1141,24,12,"user4",1483259669,"normal","normal","account2",NA,0,"","",1,1,"",0,0.4
"419",1253,2017-01-01 03:34:49,23,1380,48,12,"user3",1483259689,"normal","normal","account1",NA,0,"CPU-M","",1,1,"",0,0.2
"416",1254,2017-01-01 03:35:51,10,600,36,12,"user2",1483259751,"normal","normal","account1",NA,0,"CPU-N","",1,1,"",0,0.2
"26",1255,2017-01-01 03:36:37,5,152,1,1,"user5",1483259797,"normal","normal","account2",NA,0,"","",1,1,"",0,0.8
"173",1256,2017-01-01 03:36:53,18,846,1,1,"user4",1483259813,"normal","normal","account2",NA,0,"CPU-N","",1,1,"",0,0.6
"426",1257,2017-01-01 03:37:29,15,816,1,1,"user4",1483259849,"normal","normal","account2",NA,0,"","gpu:1",1,1,"",0,0.333333333333333
"337",1258,2017-01-01 03:37:37,10,107,6,6,"user4",1483259857,"normal","normal","account2",NA,0,"","",1,1,"",0,0.8
"432",1259,2017-01-01 03:37:42,14,694,1,1,"user3",1483259862,"normal","normal","account1",NA,0,"CPU-M","",1,1,"",0,0.6
"284",1260,2017-01-01 03:40:40,27,129,2,2,"user1",1483260040,"normal","normal","account1",NA,0,"","gpu:2",1,1,"",0,0.333333333333333
"53",1261,2017-01-01 03:43:37,23,0,12,12,"user3",1483260217,"normal","normal","account1",NA,0,"CPU-N","",1,1,"",0,0.4
"117",1262,2017-01-01 03:43:39,13,179,6,6,"user5",1483260219,"normal","normal","account2",500000,0,"","",1,1,"",0,0.333333333333333
"198",1263,2017-01-01 03:45:55,9,453,6,6,"user1",1483260355,"normal","normal","account1",NA,0,"","",1,1,"",0,0.8
"439",1264,2017-01-01 03:46:34,6,151,6,6,"user2",1483260394,"normal","normal","account1",NA,0,"CPU-M","",1,1,"",0,0.4
"12",1265,2017-01-01 03:47:07,7,337,24,12,"user1",1483260427,"normal","normal","account1",NA,0,"CPU-M","",1,1,"",0,0.2
"309",1266,2017-01-01 03:48:03,25,1455,48,12,"user4",1483260483,"normal","normal","account2",NA,0,"CPU-N","",1,1,"",0,0.2
"489",1267,2017-01-01 03:48:22,11,291,12,12,"user5",1483260502,"normal","normal","account2",NA,0,"","",1,1,"",0,0.8
"363",1268,2017-01-01 03:50:27,10,600,6,6,"user1",1483260627,"normal","normal","account1",NA,0,"CPU-N","",1,1,"",0,0.4
"17",1269,2017-01-01 03:50:39,23,1380,12,12,"user2",1483260639,"normal","normal","account1",NA,0,"","",1,1,"",0,0.8
"449",1270,2017-01-01 03:51:23,20,55,12,12,"user3",1483260683,"normal","normal","account1",NA,0,"CPU-N","",1,1,"",0,0.4
"338",1271,2017-01-01 03:51:36,7,181,1,1,"user4",1483260696,"normal","normal","account2",500000,0,"","",1,1,"",0,0.333333333333333
"83",1272,2017-01-01 03:52:10,11,302,1,1,"user1",1483260730,"normal","normal","account1",NA,0,"CPU-M","",1,1,"",0,0.6
"458",1273,2017-01-01 03:52:38,19,1140,36,12,"user4",1483260758,"normal","normal","account2",NA,0,"","",1,1,"",0,0.4
"381",1274,2017-01-01 03:52:58,28,196,24,12,"user5",1483260778,"normal","normal","account2",NA,0,"CPU-N","",1,1,"",0,0.2
"107",1275,2017-01-01 03:54:00,30,1397,36,12,"user3",1483260840,"normal","normal","account1",NA,0,"CPU-N","",1,1,"",0,0.2
"261",1276,2017-01-01 03:54:49,17,605,36,12,"user3",1483260889,"normal","normal","account1",NA,0,"","",1,1,"",0,0.4
"453",1277,2017-01-01 03:55:22,16,925,12,12,"user4",1483260922,"normal","normal","account2",NA,0,"","gpu:2",1,1,"",0,0.333333333333333
"45",1278,2017-01-01 03:56:31,27,1585,6,6,"user2",1483260991,"normal","normal","account1",NA,0,"CPU-N","",1,1,"",0,0.4
"52",1279,2017-01-01 03:57:47,18,219,1,1,"user1",1483261067,"normal","normal","account1",NA,0,"","",1,1,"",0,0.8
"265",1280,2017-01-01 03:58:24,16,270,12,12,"user1",1483261104,"normal","normal","account1",500000,0,"","",1,1,"",0,0.333333333333333
"398",1281,2017-01-01 03:58:31,16,0,6,6,"user5",1483261111,"normal","normal","account2",NA,0,"CPU-M","",1,1,"",0,0.4
"211",1282,2017-01-01 03:58:52,10,253,12,12,"user4",1483261132,"normal","normal","account2",NA,0,"CPU-M","",1,1,"",0,0.4
"25",1283,2017-01-01 03:59:01,27,1620,12,12,"user4",1483261141,"normal","normal","account2",NA,0,"CPU-M","",1,1,"",0,0.4
"268",1284,2017-01-01 03:59:03,12,578,12,12,"user3",1483261143,"normal","normal","account1",NA,0,"","",1,1,"",0,0.8
"135",1285,2017-01-01 03:59:22,16,960,12,12,"user1",1483261162,"normal","normal","account1",NA,0,"","gpu:2",1,1,"",0,0.333333333333333
"4",1286,2017-01-01 03:59:45,22,585,1,1,"user1",1483261185,"normal","normal","account1",NA,0,"","gpu:1",1,1,"",0,0.333333333333333
"195",1287,2017-01-01 04:01:49,21,1260,12,12,"user4",1483261309,"normal","normal","account2",NA,0,"","",1,1,"",0,0.8
"89",1288,2017-01-01 04:03:46,21,664,1,1,"user4",1483261426,"normal","normal","account2",NA,0,"","",1,1,"",0,0.8
"49",1289,2017-01-01 04:03:52,23,1380,12,12,"user5",1483261432,"normal","normal","account2",500000,0,"","",1,1,"",0,0.333333333333333
"307",1290,2017-01-01 04:04:30,26,1106,36,12,"user2",1483261470,"normal","normal","account1",NA,0,"","",1,1,"",0,0.4
"87",1291,2017-01-01 04:06:20,14,266,1,1,"user4",1483261580,"normal","normal","account2",NA,0,"CPU-M","",1,1,"",0,0.6
"448",1292,2017-01-01 04:06:22,6,191,12,12,"user2",1483261582,"normal","normal","account1",NA,0,"CPU-N","",1,1,"",0,0.4
"209",1293,2017-01-01 04:07:30,21,1260,12,12,"user3",1483261650,"normal","normal","account1",NA,0,"CPU-M","",1,1,"",0,0.4
"95",1294,2017-01-01 04:08:20,5,101,12,12,"user2",1483261700,"normal","normal","account1",NA,0,"","",1,1,"",0,0.8
"92",1295,2017-01-01 04:08:21,21,1169,6,6,"user2",1483261701,"normal","normal","account1",NA,0,"CPU-M","",1,1,"",0,0.4
"82",1296,2017-01-01 04:09:24,12,234,2,2,"user2",1483261764,"normal","normal","account1",NA,0,"","gpu:2",1,1,"",0,0.333333333333333
"475",1297,2017-01-01 04:10:17,28,546,36,12,"user2",1483261817,"normal","normal","account1",NA,0,"CPU-M","",1,1,"",0,0.2
"125",1298,2017-01-01 04:10:38,12,720,12,12,"user2",1483261838,"normal","normal","account1",NA,0,"CPU-N","",1,1,"",0,0.4
"276",1299,2017-01-01 04:12:41,25,68,6,6,"user1",1483261961,"normal","normal","account1",NA,0,"","",1,1,"",0,0.8
"159",1300,2017-01-01 04:13:44,30,901,36,12,"user3",1483262024,"normal","normal","account1",NA,0,"CPU-N","",1,1,"",0,0.2
"169",1301,2017-01-01 04:13:53,30,136,48,12,"user3",1483262033,"normal","normal","account1",NA,0,"CPU-M","",1,1,"",0,0.2
"331",1302,2017-01-01 04:14:00,24,0,12,12,"user1",1483262040,"normal","normal","account1",NA,0,"CPU-M","",1,1,"",0,0.4
"359",1303,2017-01-01 04:15:23,5,300,1,1,"user2",1483262123,"normal","normal","account1",NA,0,"","gpu:1",1,1,"",0,0.333333333333333
"371",1304,2017-01-01 04:16:26,9,210,1,1,"user1",1483262186,"normal","normal","account1",NA,0,"CPU-N","",1,1,"",0,0.6
"332",1305,2017-01-01 04:16:42,10,193,36,12,"user2",1483262202,"normal","normal","account1",NA,0,"CPU-M","",1,1,"",0,0.2
"387",1306,2017-01-01 04:17:35,26,512,1,1,"user3",1483262255,"normal","normal","account1",NA,0,"CPU-M","",1,1,"",0,0.6
"115",1307,2017-01-01 04:17:36,30,42,48,12,"user4",1483262256,"normal","normal","account2",NA,0,"","",1,1,"",0,0.4
"380",1308,2017-01-01 04:17:39,8,116,12,12,"user3",1483262259,"normal","normal","account1",NA,0,"","",1,1,"",0,0.8
"462",1309,2017-01-01 04:17:43,19,981,12,12,"user4",1483262263,"normal","normal","account2",NA,0,"","",1,1,"",0,0.8
"374",1310,2017-01-01 04:18:27,19,934,6,6,"user5",1483262307,"normal","normal","account2",NA,0,"CPU-M","",1,1,"",0,0.4
"310",1311,2017-01-01 04:19:46,27,979,6,6,"user3",1483262386,"normal","normal","account1",NA,0,"CPU-M","",1,1,"",0,0.4
"206",1312,2017-01-01 04:20:07,28,167,1,1,"user4",1483262407,"normal","normal","account2",NA,0,"CPU-M","",1,1,"",0,0.6
"480",1313,2017-01-01 04:22:21,13,671,6,6,"user1",1483262541,"normal","normal","account1",NA,0,"CPU-M","",1,1,"",0,0.4
"306",1314,2017-01-01 04:23:08,13,617,96,12,"user1",1483262588,"normal","normal","account1",NA,0,"","",1,1,"",0,0.4
"217",1315,2017-01-01 04:23:42,5,300,12,12,"user5",1483262622,"normal","normal","account2",NA,0,"","",1,1,"",0,0.8
"220",1316,2017-01-01 04:23:52,25,875,1,1,"user5",1483262632,"normal","normal","account2",NA,0,"CPU-N","",1,1,"",0,0.6
"239",1317,2017-01-01 04:24:33,10,399,6,6,"user5",1483262673,"normal","normal","account2",500000,0,"","",1,1,"",0,0.333333333333333
"8",1318,2017-01-01 04:25:52,11,347,6,6,"user5",1483262752,"normal","normal","account2",NA,0,"CPU-M","",1,1,"",0,0.4
"467",1319,2017-01-01 04:27:37,5,91,1,1,"user4",1483262857,"normal","normal","account2",NA,0,"CPU-N","",1,1,"",0,0.6
"218",1320,2017-01-01 04:28:04,14,763,36,12,"user5",1483262884,"normal","normal","account2",NA,0,"","",1,1,"",0,0.4
"401",1321,2017-01-01 04:28:38,24,501,6,6,"user3",1483262918,"normal","normal","account1",500000,0,"","",1,1,"",0,0.333333333333333
"43",1322,2017-01-01 04:29:53,5,282,36,12,"user3",1483262993,"normal","normal","account1",NA,0,"CPU-N","",1,1,"",0,0.2
"179",1323,2017-01-01 04:30:16,29,429,12,12,"user4",1483263016,"normal","normal","account2",NA,0,"","",1,1,"",0,0.8
"46",1324,2017-01-01 04:30:19,17,212,1,1,"user2",1483263019,"normal","normal","account1",NA,0,"","gpu:1",1,1,"",0,0.333333333333333
"196",1325,2017-01-01 04:31:03,30,256,12,12,"user2",1483263063,"normal","normal","account1",NA,0,"","gpu:2",1,1,"",0,0.333333333333333
"224",1326,2017-01-01 04:32:19,20,944,12,12,"user2",1483263139,"normal","normal","account1",NA,0,"CPU-M","",1,1,"",0,0.4
"487",1327,2017-01-01 04:33:59,26,1560,36,12,"user4",1483263239,"normal","normal","account2",NA,0,"CPU-M","",1,1,"",0,0.2
"488",1328,2017-01-01 04:34:46,5,300,48,12,"user1",1483263286,"normal","normal","account1",NA,0,"","",1,1,"",0,0.4
"121",1329,2017-01-01 04:35:05,5,57,1,1,"user4",1483263305,"normal","normal","account2",NA,0,"CPU-N","",1,1,"",0,0.6
"15",1330,2017-01-01 04:35:09,29,342,12,12,"user5",1483263309,"normal","normal","account2",NA,0,"","",1,1,"",0,0.8
"188",1331,2017-01-01 04:37:06,17,78,6,6,"user4",1483263426,"normal","normal","account2",NA,0,"","",1,1,"",0,0.8
"344",1332,2017-01-01 04:37:45,10,47,1,1,"user3",1483263465,"normal","normal","account1",NA,0,"","",1,1,"",0,0.8
"447",1333,2017-01-01 04:38:19,20,1035,2,2,"user4",1483263499,"normal","normal","account2",NA,0,"","gpu:2",1,1,"",0,0.333333333333333
"9",1334,2017-01-01 04:39:37,28,160,6,6,"user3",1483263577,"normal","normal","account1",NA,0,"CPU-N","",1,1,"",0,0.4
"221",1335,2017-01-01 04:39:38,16,322,6,6,"user3",1483263578,"normal","normal","account1",NA,0,"CPU-M","",1,1,"",0,0.4
"36",1336,2017-01-01 04:41:27,7,0,12,12,"user3",1483263687,"normal","normal","account1",NA,0,"CPU-N","",1,1,"",0,0.4
"499",1337,2017-01-01 04:44:52,26,655,6,6,"user2",1483263892,"normal","normal","account1",NA,0,"","",1,1,"",0,0.8
"473",1338,2017-01-01 04:45:40,9,195,12,12,"user2",1483263940,"normal","normal","account1",NA,0,"CPU-N","",1,1,"",0,0.4
"142",1339,2017-01-01 04:46:29,30,1044,6,6,"user4",1483263989,"normal","normal","account2",NA,0,"","",1,1,"",0,0.8
"102",1340,2017-01-01 04:47:00,13,212,6,6,"user3",1483264020,"normal","normal","account1",NA,0,"","",1,1,"",0,0.8
"260",1341,2017-01-01 04:47:42,22,1320,6,6,"user4",1483264062,"normal","normal","account2",NA,0,"CPU-M","",1,1,"",0,0.4
"35",1342,2017-01-01 04:48:14,19,672,36,12,"user1",1483264094,"normal","normal","account1",NA,0,"","",1,1,"",0,0.4
"137",1343,2017-01-01 04:49:48,5,183,1,1,"user4",1483264188,"normal","normal","account2",NA,0,"CPU-N","",1,1,"",0,0.6
"236",1344,2017-01-01 04:51:47,17,0,6,6,"user4",1483264307,"normal","normal","account2",NA,0,"CPU-N","",1,1,"",0,0.4
"139",1345,2017-01-01 04:52:23,5,300,1,1,"user1",1483264343,"normal","normal","account1",NA,0,"","gpu:1",1,1,"",0,0.333333333333333
"2",1346,2017-01-01 04:53:18,21,495,6,6,"user4",1483264398,"normal","normal","account2",NA,0,"","",1,1,"",0,0.8
"204",1347,2017-01-01 04:53:28,17,144,1,1,"user1",1483264408,"normal","normal","account1",NA,0,"","",1,1,"",0,0.8
"444",1348,2017-01-01 04:55:01,5,0,1,1,"user5",1483264501,"normal","normal","account2",NA,0,"","gpu:1",1,1,"",0,0.333333333333333
"262",1349,2017-01-01 04:55:19,10,0,1,1,"user3",1483264519,"normal","normal","account1",NA,0,"CPU-M","",1,1,"",0,0.6
"425",1350,2017-01-01 04:55:40,11,456,48,12,"user3",1483264540,"normal","normal","account1",NA,0,"","",1,1,"",0,0.4
"90",1351,2017-01-01 04:55:46,20,1200,12,12,"user5",1483264546,"normal","normal","account2",NA,0,"CPU-M","",1,1,"",0,0.4
"376",1352,2017-01-01 04:58:32,5,215,96,12,"user4",1483264712,"normal","normal","account2",NA,0,"","",1,1,"",0,0.4
"141",1353,2017-01-01 04:58:39,9,191,12,12,"user4",1483264719,"normal","normal","account2",NA,0,"","",1,1,"",0,0.8
"278",1354,2017-01-01 04:58:49,19,913,6,6,"user1",1483264729,"normal","normal","account1",NA,0,"CPU-N","",1,1,"",0,0.4
"183",1355,2017-01-01 04:59:06,22,1001,96,12,"user2",1483264746,"normal","normal","account1",NA,0,"","",1,1,"",0,0.4
"30",1356,2017-01-01 05:00:16,8,66,1,1,"user4",1483264816,"normal","normal","account2",NA,0,"","",1,1,"",0,0.8
"372",1357,2017-01-01 05:02:33,11,172,12,12,"user2",1483264953,"normal","normal","account1",NA,0,"","",1,1,"",0,0.8
"65",1358,2017-01-01 05:02:52,9,291,1,1,"user3",1483264972,"normal","normal","account1",NA,0,"","",1,1,"",0,0.8
"68",1359,2017-01-01 05:02:59,20,236,6,6,"user1",1483264979,"normal","normal","account1",NA,0,"CPU-N","",1,1,"",0,0.4
"335",1360,2017-01-01 05:03:09,22,482,1,1,"user4",1483264989,"normal","normal","account2",NA,0,"","",1,1,"",0,0.8
"122",1361,2017-01-01 05:03:27,5,13,12,12,"user1",1483265007,"normal","normal","account1",NA,0,"CPU-N","",1,1,"",0,0.4
"417",1362,2017-01-01 05:04:11,23,920,1,1,"user5",1483265051,"normal","normal","account2",NA,0,"","",1,1,"",0,0.8
"244",1363,2017-01-01 05:04:21,11,368,1,1,"user1",1483265061,"normal","normal","account1",NA,0,"CPU-M","",1,1,"",0,0.6
"476",1364,2017-01-01 05:08:16,20,1200,12,12,"user2",1483265296,"normal","normal","account1",NA,0,"","",1,1,"",0,0.8
"492",1365,2017-01-01 05:08:53,19,137,1,1,"user1",1483265333,"normal","normal","account1",NA,0,"CPU-M","",1,1,"",0,0.6
"41",1366,2017-01-01 05:09:32,19,854,12,12,"user1",1483265372,"normal","normal","account1",NA,0,"","gpu:2",1,1,"",0,0.333333333333333
"428",1367,2017-01-01 05:09:37,11,375,12,12,"user3",1483265377,"normal","normal","account1",NA,0,"","gpu:2",1,1,"",0,0.333333333333333
"465",1368,2017-01-01 05:11:22,23,360,12,12,"user1",1483265482,"normal","normal","account1",NA,0,"","gpu:2",1,1,"",0,0.333333333333333
"51",1369,2017-01-01 05:11:30,29,971,6,6,"user5",1483265490,"normal","normal","account2",NA,0,"CPU-N","",1,1,"",0,0.4
"79",1370,2017-01-01 05:11:36,22,1320,1,1,"user5",1483265496,"normal","normal","account2",NA,0,"CPU-N","",1,1,"",0,0.6
"20",1371,2017-01-01 05:12:57,13,0,12,12,"user4",1483265577,"normal","normal","account2",NA,0,"CPU-M","",1,1,"",0,0.4
"345",1372,2017-01-01 05:13:00,26,167,1,1,"user4",1483265580,"normal","normal","account2",500000,0,"","",1,1,"",0,0.333333333333333
"62",1373,2017-01-01 05:13:52,5,243,12,12,"user4",1483265632,"normal","normal","account2",NA,0,"CPU-N","",1,1,"",0,0.4
"486",1374,2017-01-01 05:14:15,22,1320,36,12,"user2",1483265655,"normal","normal","account1",NA,0,"","",1,1,"",0,0.4
"7",1375,2017-01-01 05:14:57,23,0,6,6,"user5",1483265697,"normal","normal","account2",NA,0,"","",1,1,"",0,0.8
"154",1376,2017-01-01 05:15:55,29,272,6,6,"user5",1483265755,"normal","normal","account2",NA,0,"","",1,1,"",0,0.8
"379",1377,2017-01-01 05:16:10,19,1093,12,12,"user4",1483265770,"normal","normal","account2",NA,0,"CPU-M","",1,1,"",0,0.4
"308",1378,2017-01-01 05:16:57,16,700,24,12,"user2",1483265817,"normal","normal","account1",NA,0,"","",1,1,"",0,0.4
"362",1379,2017-01-01 05:17:01,24,431,6,6,"user2",1483265821,"normal","normal","account1",NA,0,"","",1,1,"",0,0.8
"279",1380,2017-01-01 05:18:10,21,986,1,1,"user2",1483265890,"normal","normal","account1",NA,0,"","",1,1,"",0,0.8
"69",1381,2017-01-01 05:19:24,24,735,6,6,"user3",1483265964,"normal","normal","account1",NA,0,"","",1,1,"",0,0.8
"429",1382,2017-01-01 05:19:49,6,360,1,1,"user1",1483265989,"normal","normal","account1",NA,0,"CPU-M","",1,1,"",0,0.6
"202",1383,2017-01-01 05:20:37,25,1234,96,12,"user1",1483266037,"normal","normal","account1",NA,0,"","",1,1,"",0,0.4
"145",1384,2017-01-01 05:23:07,25,10,12,12,"user2",1483266187,"normal","normal","account1",NA,0,"","",1,1,"",0,0.8
"283",1385,2017-01-01 05:23:46,28,0,36,12,"user1",1483266226,"normal","normal","account1",NA,0,"CPU-M","",1,1,"",0,0.2
"187",1386,2017-01-01 05:24:21,26,875,1,1,"user1",1483266261,"normal","normal","account1",NA,0,"","gpu:1",1,1,"",0,0.333333333333333
"368",1387,2017-01-01 05:24:47,24,1387,1,1,"user5",1483266287,"normal","normal","account2",NA,0,"CPU-M","",1,1,"",0,0.6
"440",1388,2017-01-01 05:25:08,27,1208,1,1,"user1",1483266308,"normal","normal","account1",NA,0,"","",1,1,"",0,0.8
"226",1389,2017-01-01 05:27:33,7,0,12,12,"user5",1483266453,"normal","normal","account2",NA,0,"","",1,1,"",0,0.8
"305",1390,2017-01-01 05:29:33,27,153,1,1,"user2",1483266573,"normal","normal","account1",NA,0,"","",1,1,"",0,0.8
"94",1391,2017-01-01 05:29:48,12,399,1,1,"user5",1483266588,"normal","normal","account2",NA,0,"CPU-N","",1,1,"",0,0.6
"77",1392,2017-01-01 05:29:50,19,276,96,12,"user4",1483266590,"normal","normal","account2",NA,0,"","",1,1,"",0,0.4
"101",1393,2017-01-01 05:30:23,24,525,36,12,"user4",1483266623,"normal","normal","account2",NA,0,"CPU-N","",1,1,"",0,0.2
"66",1394,2017-01-01 05:31:55,19,49,12,12,"user1",1483266715,"normal","normal","account1",500000,0,"","",1,1,"",0,0.333333333333333
"190",1395,2017-01-01 05:32:10,16,960,12,12,"user2",1483266730,"normal","normal","account1",500000,0,"","",1,1,"",0,0.333333333333333
"450",1396,2017-01-01 05:33:42,27,633,6,6,"user3",1483266822,"normal","normal","account1",NA,0,"","",1,1,"",0,0.8
"120",1397,2017-01-01 05:34:02,26,808,1,1,"user2",1483266842,"normal","normal","account1",NA,0,"CPU-M","",1,1,"",0,0.6
"481",1398,2017-01-01 05:34:23,12,0,1,1,"user5",1483266863,"normal","normal","account2",NA,0,"CPU-N","",1,1,"",0,0.6
"164",1399,2017-01-01 05:34:30,5,0,1,1,"user1",1483266870,"normal","normal","account1",NA,0,"CPU-N","",1,1,"",0,0.6
"390",1400,2017-01-01 05:35:50,17,101,1,1,"user2",1483266950,"normal","normal","account1",NA,0,"","",1,1,"",0,0.8
"39",1401,2017-01-01 05:36:00,14,136,1,1,"user2",1483266960,"normal","normal","account1",NA,0,"","gpu:1",1,1,"",0,0.333333333333333
"315",1402,2017-01-01 05:36:37,15,765,2,2,"user1",1483266997,"normal","normal","account1",NA,0,"","gpu:2",1,1,"",0,0.333333333333333
"382",1403,2017-01-01 05:37:38,29,841,96,12,"user4",1483267058,"normal","normal","account2",NA,0,"","",1,1,"",0,0.4
"357",1404,2017-01-01 05:37:50,23,122,48,12,"user4",1483267070,"normal","normal","account2",NA,0,"","",1,1,"",0,0.4
"361",1405,2017-01-01 05:38:04,9,5,36,12,"user4",1483267084,"normal","normal","account2",NA,0,"CPU-M","",1,1,"",0,0.2
"329",1406,2017-01-01 05:38:34,28,333,6,6,"user1",1483267114,"normal","normal","account1",500000,0,"","",1,1,"",0,0.333333333333333
"269",1407,2017-01-01 05:38:48,6,289,12,12,"user4",1483267128,"normal","normal","account2",NA,0,"","gpu:2",1,1,"",0,0.333333333333333
"351",1408,2017-01-01 05:39:40,28,1032,1,1,"user5",1483267180,"normal","normal","account2",NA,0,"","",1,1,"",0,0.8
"67",1409,2017-01-01 05:40:40,19,329,6,6,"user4",1483267240,"normal","normal","account2",NA,0,"","",1,1,"",0,0.8
"433",1410,2017-01-01 05:41:30,15,442,48,12,"user2",1483267290,"normal","normal","account1",NA,0,"CPU-M","",1,1,"",0,0.2
"14",1411,2017-01-01 05:42:13,25,0,1,1,"user5",1483267333,"normal","normal","account2",500000,0,"","",1,1,"",0,0.333333333333333
"13",1412,2017-01-01 05:43:26,12,720,48,12,"user1",1483267406,"normal","normal","account1",NA,0,"CPU-N","",1,1,"",0,0.2
"404",1413,2017-01-01 05:43:53,12,91,96,12,"user1",1483267433,"normal","normal","account1",NA,0,"","",1,1,"",0,0.4
"287",1414,2017-01-01 05:44:35,20,1200,2,2,"user3",1483267475,"normal","normal","account1",NA,0,"","gpu:2",1,1,"",0,0.333333333333333
"327",1415,2017-01-01 05:44:36,30,1800,48,12,"user1",1483267476,"normal","normal","account1",NA,0,"CPU-N","",1,1,"",0,0.2
"201",1416,2017-01-01 05:45:05,5,148,6,6,"user4",1483267505,"normal","normal","account2",NA,0,"","",1,1,"",0,0.8
"273",1417,2017-01-01 05:45:08,17,163,6,6,"user4",1483267508,"normal","normal","account2",500000,0,"","",1,1,"",0,0.333333333333333
"391",1418,2017-01-01 05:45:55,11,283,96,12,"user1",1483267555,"normal","normal","account1",NA,0,"","",1,1,"",0,0.4
"231",1419,2017-01-01 05:46:04,26,1275,12,12,"user1",1483267564,"normal","normal","account1",500000,0,"","",1,1,"",0,0.333333333333333
"233",1420,2017-01-01 05:47:11,24,1025,12,12,"user2",1483267631,"normal","normal","account1",NA,0,"","",1,1,"",0,0.8
"282",1421,2017-01-01 05:47:43,17,436,1,1,"user5",1483267663,"normal","normal","account2",NA,0,"CPU-M","",1,1,"",0,0.6
"452",1422,2017-01-01 05:49:12,23,1330,96,12,"user5",1483267752,"normal","normal","account2",NA,0,"","",1,1,"",0,0.4
"57",1423,2017-01-01 05:51:05,8,359,6,6,"user2",1483267865,"normal","normal","account1",NA,0,"CPU-M","",1,1,"",0,0.4
"441",1424,2017-01-01 05:51:11,8,270,12,12,"user2",1483267871,"normal","normal","account1",NA,0,"","",1,1,"",0,0.8
"394",1425,2017-01-01 05:51:48,27,0,2,2,"user3",1483267908,"normal","normal","account1",NA,0,"","gpu:2",1,1,"",0,0.333333333333333
"161",1426,2017-01-01 05:51:59,20,954,36,12,"user2",1483267919,"normal","normal","account1",NA,0,"CPU-N","",1,1,"",0,0.2
"232",1427,2017-01-01 05:53:53,9,11,12,12,"user2",1483268033,"normal","normal","account1",500000,0,"","",1,1,"",0,0.333333333333333
"180",1428,2017-01-01 05:54:35,25,0,1,1,"user1",1483268075,"normal","normal","account1",NA,0,"","",1,1,"",0,0.8
"253",1429,2017-01-01 05:55:23,29,201,6,6,"user3",1483268123,"normal","normal","account1",NA,0,"","",1,1,"",0,0.8
"28",1430,2017-01-01 05:57:41,25,1103,1,1,"user3",1483268261,"normal","normal","account1",NA,0,"","",1,1,"",0,0.8
"223",1431,2017-01-01 05:58:05,19,1140,36,12,"user3",1483268285,"normal","normal","account1",NA,0,"CPU-M","",1,1,"",0,0.2
"96",1432,2017-01-01 05:59:15,26,955,1,1,"user1",1483268355,"normal","normal","account1",NA,0,"","",1,1,"",0,0.8
"56",1433,2017-01-01 05:59:53,9,213,36,12,"user3",1483268393,"normal","normal","account1",NA,0,"CPU-N","",1,1,"",0,0.2
"292",1434,2017-01-01 06:00:21,25,1500,24,12,"user2",1483268421,"normal","normal","account1",NA,0,"","",1,1,"",0,0.4
"109",1435,2017-01-01 06:02:52,22,61,48,12,"user2",1483268572,"normal","normal","account1",NA,0,"CPU-M","",1,1,"",0,0.2
"301",1436,2017-01-01 06:02:59,30,762,96,12,"user4",1483268579,"normal","normal","account2",NA,0,"","",1,1,"",0,0.4
"317",1437,2017-01-01 06:03:10,23,476,6,6,"user3",1483268590,"normal","normal","account1",NA,0,"CPU-M","",1,1,"",0,0.4
"110",1438,2017-01-01 06:04:26,5,227,12,12,"user3",1483268666,"normal","normal","account1",500000,0,"","",1,1,"",0,0.333333333333333
"112",1439,2017-01-01 06:05:25,28,445,6,6,"user5",1483268725,"normal","normal","account2",500000,0,"","",1,1,"",0,0.333333333333333
"304",1440,2017-01-01 06:06:38,6,295,24,12,"user5",1483268798,"normal","normal","account2",NA,0,"","",1,1,"",0,0.4
"275",1441,2017-01-01 06:07:12,21,814,36,12,"user2",1483268832,"normal","normal","account1",NA,0,"","",1,1,"",0,0.4
"443",1442,2017-01-01 06:07:13,18,161,12,12,"user5",1483268833,"normal","normal","account2",NA,0,"CPU-N","",1,1,"",0,0.4
"119",1443,2017-01-01 06:07:45,15,814,1,1,"user5",1483268865,"normal","normal","account2",NA,0,"CPU-M","",1,1,"",0,0.6
"455",1444,2017-01-01 06:08:38,17,792,1,1,"user2",1483268918,"normal","normal","account1",500000,0,"","",1,1,"",0,0.333333333333333
"158",1445,2017-01-01 06:11:02,27,1356,96,12,"user4",1483269062,"normal","normal","account2",NA,0,"","",1,1,"",0,0.4
"252",1446,2017-01-01 06:13:20,30,0,12,12,"user1",1483269200,"normal","normal","account1",NA,0,"","gpu:2",1,1,"",0,0.333333333333333
"254",1447,2017-01-01 06:13:23,12,548,1,1,"user1",1483269203,"normal","normal","account1",500000,0,"","",1,1,"",0,0.333333333333333
"364",1448,2017-01-01 06:13:30,30,1301,12,12,"user4",1483269210,"normal","normal","account2",NA,0,"","",1,1,"",0,0.8
"193",1449,2017-01-01 06:13:32,7,328,48,12,"user4",1483269212,"normal","normal","account2",NA,0,"","",1,1,"",0,0.4
"147",1450,2017-01-01 06:14:43,28,0,24,12,"user2",1483269283,"normal","normal","account1",NA,0,"","",1,1,"",0,0.4
"496",1451,2017-01-01 06:16:42,30,1783,12,12,"user5",1483269402,"normal","normal","account2",500000,0,"","",1,1,"",0,0.333333333333333
"375",1452,2017-01-01 06:16:48,5,94,48,12,"user3",1483269408,"normal","normal","account1",NA,0,"","",1,1,"",0,0.4
"255",1453,2017-01-01 06:17:36,21,1260,1,1,"user5",1483269456,"normal","normal","account2",NA,0,"CPU-M","",1,1,"",0,0.6
"395",1454,2017-01-01 06:19:26,25,1466,12,12,"user4",1483269566,"normal","normal","account2",NA,0,"","",1,1,"",0,0.8
"85",1455,2017-01-01 06:20:00,5,275,12,12,"user3",1483269600,"normal","normal","account1",NA,0,"","",1,1,"",0,0.8
"454",1456,2017-01-01 06:20:32,15,490,96,12,"user5",1483269632,"normal","normal","account2",NA,0,"","",1,1,"",0,0.4
"18",1457,2017-01-01 06:20:51,10,28,12,12,"user5",1483269651,"normal","normal","account2",NA,0,"","gpu:2",1,1,"",0,0.333333333333333
"160",1458,2017-01-01 06:22:21,7,420,12,12,"user1",1483269741,"normal","normal","account1",NA,0,"CPU-N","",1,1,"",0,0.4
"303",1459,2017-01-01 06:24:26,20,825,12,12,"user1",1483269866,"normal","normal","account1",NA,0,"CPU-M","",1,1,"",0,0.4
"500",1460,2017-01-01 06:24:40,6,221,12,12,"user2",1483269880,"normal","normal","account1",NA,0,"","",1,1,"",0,0.8
"203",1461,2017-01-01 06:25:55,26,689,6,6,"user1",1483269955,"normal","normal","account1",NA,0,"","",1,1,"",0,0.8
"240",1462,2017-01-01 06:26:11,19,479,6,6,"user1",1483269971,"normal","normal","account1",NA,0,"CPU-M","",1,1,"",0,0.4
"150",1463,2017-01-01 06:26:12,14,0,12,12,"user5",1483269972,"normal","normal","account2",NA,0,"CPU-N","",1,1,"",0,0.4
"40",1464,2017-01-01 06:26:49,9,0,36,12,"user5",1483270009,"normal","normal","account2",NA,0,"CPU-N","",1,1,"",0,0.2
"171",1465,2017-01-01 06:27:08,5,118,1,1,"user1",1483270028,"normal","normal","account1",NA,0,"","gpu:1",1,1,"",0,0.333333333333333
"176",1466,2017-01-01 06:28:14,16,231,36,12,"user1",1483270094,"normal","normal","account1",NA,0,"","",1,1,"",0,0.4
"60",1467,2017-01-01 06:28:44,30,1366,24,12,"user1",1483270124,"normal","normal","account1",NA,0,"CPU-N","",1,1,"",0,0.2
"6",1468,2017-01-01 06:30:39,19,578,1,1,"user2",1483270239,"normal","normal","account1",NA,0,"","",1,1,"",0,0.8
"491",1469,2017-01-01 06:32:57,21,21,36,12,"user1",1483270377,"normal","normal","account1",NA,0,"CPU-M","",1,1,"",0,0.2
"113",1470,2017-01-01 06:33:17,22,0,24,12,"user3",1483270397,"normal","normal","account1",NA,0,"CPU-M","",1,1,"",0,0.2
"420",1471,2017-01-01 06:33:53,25,517,12,12,"user5",1483270433,"normal","normal","account2",NA,0,"","",1,1,"",0,0.8
"134",1472,2017-01-01 06:34:03,5,127,24,12,"user3",1483270443,"normal","normal","account1",NA,0,"CPU-M","",1,1,"",0,0.2
"75",1473,2017-01-01 06:34:17,7,326,6,6,"user5",1483270457,"normal","normal","account2",NA,0,"","",1,1,"",0,0.8
"445",1474,2017-01-01 06:34:33,22,0,6,6,"user2",1483270473,"normal","normal","account1",NA,0,"CPU-N","",1,1,"",0,0.4
"442",1475,2017-01-01 06:35:38,13,450,36,12,"user1",1483270538,"normal","normal","account1",NA,0,"CPU-M","",1,1,"",0,0.2
"219",1476,2017-01-01 06:35:57,23,0,36,12,"user1",1483270557,"normal","normal","account1",NA,0,"CPU-M","",1,1,"",0,0.2
"205",1477,2017-01-01 06:39:25,5,200,6,6,"user2",1483270765,"normal","normal","account1",NA,0,"CPU-N","",1,1,"",0,0.4
"407",1478,2017-01-01 06:40:39,22,716,1,1,"user4",1483270839,"normal","normal","account2",NA,0,"","gpu:1",1,1,"",0,0.333333333333333
"311",1479,2017-01-01 06:40:58,5,93,1,1,"user4",1483270858,"normal","normal","account2",NA,0,"","",1,1,"",0,0.8
"148",1480,2017-01-01 06:41:18,30,1256,36,12,"user2",1483270878,"normal","normal","account1",NA,0,"","",1,1,"",0,0.4
"216",1481,2017-01-01 06:42:18,19,915,12,12,"user2",1483270938,"normal","normal","account1",NA,0,"","",1,1,"",0,0.8
"312",1482,2017-01-01 06:42:42,7,420,1,1,"user1",1483270962,"normal","normal","account1",NA,0,"CPU-M","",1,1,"",0,0.6
"435",1483,2017-01-01 06:44:55,30,1800,48,12,"user4",1483271095,"normal","normal","account2",NA,0,"","",1,1,"",0,0.4
"446",1484,2017-01-01 06:45:56,5,0,36,12,"user1",1483271156,"normal","normal","account1",NA,0,"CPU-N","",1,1,"",0,0.2
"460",1485,2017-01-01 06:46:29,19,1131,1,1,"user3",1483271189,"normal","normal","account1",NA,0,"CPU-N","",1,1,"",0,0.6
"373",1486,2017-01-01 06:50:36,27,537,48,12,"user4",1483271436,"normal","normal","account2",NA,0,"","",1,1,"",0,0.4
"127",1487,2017-01-01 06:51:28,11,325,1,1,"user2",1483271488,"normal","normal","account1",NA,0,"","gpu:1",1,1,"",0,0.333333333333333
"408",1488,2017-01-01 06:51:45,21,1221,1,1,"user3",1483271505,"normal","normal","account1",NA,0,"","",1,1,"",0,0.8
"237",1489,2017-01-01 06:52:24,12,285,6,6,"user1",1483271544,"normal","normal","account1",NA,0,"","",1,1,"",0,0.8
"411",1490,2017-01-01 06:52:27,28,1288,6,6,"user5",1483271547,"normal","normal","account2",NA,0,"","",1,1,"",0,0.8
"21",1491,2017-01-01 06:52:43,24,279,12,12,"user5",1483271563,"normal","normal","account2",NA,0,"CPU-N","",1,1,"",0,0.4
"50",1492,2017-01-01 06:52:52,23,277,6,6,"user1",1483271572,"normal","normal","account1",NA,0,"","",1,1,"",0,0.8
"168",1493,2017-01-01 06:53:33,6,348,12,12,"user3",1483271613,"normal","normal","account1",NA,0,"","",1,1,"",0,0.8
"456",1494,2017-01-01 06:53:43,15,377,1,1,"user4",1483271623,"normal","normal","account2",NA,0,"CPU-N","",1,1,"",0,0.6
"31",1495,2017-01-01 06:55:18,22,800,6,6,"user4",1483271718,"normal","normal","account2",NA,0,"","",1,1,"",0,0.8
"126",1496,2017-01-01 06:56:29,30,698,24,12,"user3",1483271789,"normal","normal","account1",NA,0,"CPU-M","",1,1,"",0,0.2
"280",1497,2017-01-01 06:58:32,20,218,1,1,"user3",1483271912,"normal","normal","account1",NA,0,"","",1,1,"",0,0.8
"459",1498,2017-01-01 06:59:02,5,241,6,6,"user1",1483271942,"normal","normal","account1",NA,0,"CPU-N","",1,1,"",0,0.4
"302",1499,2017-01-01 06:59:45,8,377,1,1,"user2",1483271985,"normal","normal","account1",NA,0,"","",1,1,"",0,0.8
"181",1500,2017-01-01 06:59:49,22,92,36,12,"user5",1483271989,"normal","normal","account2",NA,0,"","",1,1,"",0,0.4
